TMC 311,MKT 211,MIS 316,GST 311,EDS 311,CSC 319,CSC 317,CSC 313,CSC 312,CSC 310,CIT 310,CIS 319,BUS 313,BFN 311
TMC311_A,MKT211_A,MIS316_A,GST311_C,EDS311_A,,CSC317_B,CSC313_A,CSC312_A,CSC310_C,CIT310_A,,BUS313_B,BFN311_B
TMC311_A,,MIS316_A,GST311_B,EDS311_A,,CSC317_A,CSC313_A,CSC312_A,CSC310_A,CIT310_B,,BUS313_B,BFN311_C
TMC311_A,,MIS316_B,GST311_B,EDS311_A,,CSC317_B,CSC313_A,CSC312_A,CSC310_A,CIT310_A,,BUS313_C,BFN311_C
TMC311_A,,MIS316_A,GST311_B,EDS311_A,,CSC317_B,CSC313_A,CSC312_C,CSC310_C,CIT310_C,,BUS313_C,BFN311_B
TMC311_B,,MIS316_B,GST311_C,EDS311_A,,CSC317_B,CSC313_A,CSC312_C,CSC310_C,CIT310_C,,BUS313_D,BFN311_C
TMC311_A,MKT211_A,MIS316_B,GST311_C,EDS311_A,,CSC317_C,CSC313_A,CSC312_A,CSC310_B,CIT310_B,,BUS313_B,BFN311_B
TMC311_A,,MIS316_B,GST311_C,EDS311_A,,CSC317_C,CSC313_A,CSC312_A,CSC310_C,CIT310_A,,BUS313_D,BFN311_D
TMC311_A,,MIS316_B,GST311_B,EDS311_A,,CSC317_C,CSC313_B,CSC312_A,CSC310_B,CIT310_A,,BUS313_C,BFN311_B
TMC311_B,,MIS316_B,GST311_C,EDS311_A,CSC319_A,CSC317_B,CSC313_A,CSC312_A,CSC310_B,CIT310_A,,BUS313_C,BFN311_C
TMC311_B,MKT211_C,MIS316_C,GST311_C,EDS311_A,,CSC317_C,CSC313_D,CSC312_A,CSC310_C,CIT310_A,,BUS313_C,BFN311_C
TMC311_A,MKT211_D,MIS316_B,GST311_D,EDS311_B,,CSC317_C,CSC313_A,CSC312_B,CSC310_A,CIT310_A,,BUS313_C,BFN311_B
TMC311_A,MKT211_C,MIS316_B,GST311_C,EDS311_A,,CSC317_B,CSC313_A,CSC312_B,CSC310_B,CIT310_A,,BUS313_B,BFN311_C
TMC311_B,,MIS316_B,GST311_C,EDS311_A,,CSC317_C,CSC313_B,CSC312_A,CSC310_C,CIT310_A,,BUS313_F,BFN311_C
TMC311_A,MKT211_C,MIS316_A,GST311_B,EDS311_A,,CSC317_C,CSC313_A,CSC312_A,CSC310_C,CIT310_A,,BUS313_C,BFN311_C
TMC311_B,,MIS316_C,GST311_C,EDS311_A,CSC319_C,CSC317_D,CSC313_D,CSC312_C,CSC310_D,CIT310_A,,BUS313_F,BFN311_D
TMC311_A,MKT211_B,MIS316_B,GST311_C,EDS311_B,,CSC317_C,CSC313_B,CSC312_B,CSC310_C,CIT310_A,,BUS313_C,BFN311_C
TMC311_A,MKT211_B,MIS316_C,GST311_D,EDS311_A,,CSC317_C,CSC313_D,CSC312_C,CSC310_C,CIT310_A,,BUS313_C,BFN311_F
TMC311_C,,MIS316_B,GST311_C,EDS311_B,CSC319_F,CSC317_C,CSC313_A,CSC312_C,CSC310_C,CIT310_A,,BUS313_C,BFN311_C
TMC311_A,MKT211_D,MIS316_B,GST311_D,EDS311_A,,CSC317_C,CSC313_C,CSC312_C,CSC310_D,CIT310_A,,BUS313_F,BFN311_F
TMC311_A,,MIS316_B,GST311_C,EDS311_B,,CSC317_C,CSC313_C,CSC312_B,CSC310_C,CIT310_A,,BUS313_F,BFN311_D
TMC311_A,MKT211_D,MIS316_C,GST311_D,EDS311_A,,CSC317_D,CSC313_F,CSC312_D,CSC310_F,CIT310_A,,BUS313_F,BFN311_C
TMC311_B,,MIS316_D,GST311_D,EDS311_B,,CSC317_C,CSC313_F,CSC312_C,CSC310_D,CIT310_B,CIS319_B,BUS313_D,BFN311_D
,,MIS316_C,,EDS311_A,,CSC317_D,CSC313_D,CSC312_C,CSC310_F,CIT310_A,CIS319_B,BUS313_F,BFN311_F
,MKT211_B,MIS316_D,,EDS311_A,,CSC317_F,CSC313_C,CSC312_C,CSC310_D,CIT310_A,,BUS313_D,BFN311_F
TMC311_A,MKT211_D,MIS316_D,GST311_C,EDS311_A,,CSC317_D,CSC313_F,CSC312_B,CSC310_F,CIT310_D,,BUS313_F,BFN311_F
TMC311_B,MKT211_D,MIS316_C,GST311_F,EDS311_A,,CSC317_F,CSC313_C,CSC312_C,CSC310_D,CIT310_B,,BUS313_F,BFN311_F
TMC311_B,,MIS316_C,GST311_D,EDS311_B,,CSC317_F,CSC313_F,CSC312_D,CSC310_F,CIT310_A,,BUS313_F,BFN311_F
,,MIS316_F,,,CSC319_F,,,,CSC310_F,,,BUS313_F,BFN311_F
TMC311_A,,MIS316_C,,,,CSC317_F,CSC313_F,CSC312_C,CSC310_F,CIT310_D,,BUS313_F,BFN311_F
TMC311_D,MKT211_D,MIS316_D,,EDS311_A,,CSC317_D,CSC313_D,CSC312_C,CSC310_D,CIT310_C,,BUS313_F,BFN311_D
,MKT211_D,MIS316_D,,,,CSC317_C,CSC313_F,,CSC310_F,CIT310_A,,BUS313_F,BFN311_D
TMC311_C,,,GST311_C,EDS311_B,,,,,,CIT310_A,,BUS313_F,
